{"cameraMode":{"drawMode":0,"name":"Shaded","section":"Shading Mode"},"sceneLighting":true,"audioPlay":false,"sceneViewState":{"showFog":true,"showMaterialUpdate":false,"showSkybox":true,"showFlares":true,"showImageEffects":true,"showParticleSystems":true},"in2DMode":false,"pivot":{"x":-0.3503032326698303,"y":10.842985153198243,"z":-0.03496849536895752},"rotation":{"x":-0.04439021274447441,"y":0.5147229433059692,"z":-0.026698779314756395,"w":-0.8557940125465393},"size":79.99923706054688,"orthographic":false}